<?xml version="1.0" encoding="UTF-8"?>
<section name="Workbench">
	<section name="MavenProjectWizardArtifactPage">
		<list key="groupId">
		</list>
		<list key="name">
		</list>
		<list key="artifactId">
		</list>
		<list key="projectNameTemplate">
			<item value="[artifactId]"/>
			<item value="[artifactId]-TRUNK"/>
			<item value="[artifactId]-[version]"/>
			<item value="[groupId].[artifactId]"/>
			<item value="[groupId].[artifactId]-[version]"/>
			<item value="[name]"/>
		</list>
		<list key="version">
			<item value="0.0.1-SNAPSHOT"/>
		</list>
	</section>
	<section name="org.eclipse.m2e.core.pom.dependencies">
	</section>
	<section name="org.eclipse.m2e.core.pom.overview">
		<list key="ciManagementUrl">
		</list>
		<list key="ciManagementSystem">
		</list>
		<list key="issueManagementSystem">
		</list>
		<list key="issueManagementUrl">
		</list>
	</section>
	<section name="MavenProjectWizardArchetypePage">
		<item value="All Catalogs" key="catalog"/>
		<list key="projectNameTemplate">
			<item value="[artifactId]"/>
			<item value="[artifactId]-TRUNK"/>
			<item value="[artifactId]-[version]"/>
			<item value="[groupId].[artifactId]"/>
			<item value="[groupId].[artifactId]-[version]"/>
			<item value="[name]"/>
		</list>
	</section>
	<section name="MavenProjectWizardLocationPage">
		<list key="location">
		</list>
		<list key="projectNameTemplate">
			<item value="[artifactId]"/>
			<item value="[artifactId]-TRUNK"/>
			<item value="[artifactId]-[version]"/>
			<item value="[groupId].[artifactId]"/>
			<item value="[groupId].[artifactId]-[version]"/>
			<item value="[name]"/>
		</list>
	</section>
	<section name="Maven2ProjectWizardArchifactPage">
		<list key="package">
			<item value="gov.ca.dmv.EaseAdminTool"/>
		</list>
		<list key="groupId">
			<item value="gov.ca.dmv"/>
		</list>
		<list key="artifactId">
			<item value="EaseAdminTool"/>
		</list>
		<list key="projectNameTemplate">
			<item value="[artifactId]"/>
			<item value="[artifactId]-TRUNK"/>
			<item value="[artifactId]-[version]"/>
			<item value="[groupId].[artifactId]"/>
			<item value="[groupId].[artifactId]-[version]"/>
			<item value="[name]"/>
		</list>
		<list key="version">
			<item value="0.0.1"/>
		</list>
	</section>
</section>
