<?xml version="1.0" encoding="UTF-8"?>
<section name="Workbench">
	<section name="RefactoringWizard.preview">
		<item value="600" key="width"/>
		<item value="400" key="height"/>
	</section>
	<section name="org.eclipse.ltk.ui.refactoring.settings">
		<item value="false" key="renameSubpackages"/>
		<item value="false" key="updateQualifiedNames"/>
		<item value="*" key="patterns"/>
		<item value="false" key="updateTextualMatches"/>
	</section>
	<section name="org.eclipse.jdt.internal.ui.packageview.PackageExplorerPart">
		<item value="2" key="layout"/>
		<item value="true" key="group_libraries"/>
		<item value="&lt;?xml version=&quot;1.0&quot; encoding=&quot;UTF-8&quot;?&gt;&#x0D;&#x0A;&lt;packageExplorer group_libraries=&quot;1&quot; layout=&quot;2&quot; linkWithEditor=&quot;0&quot; rootMode=&quot;1&quot; workingSetName=&quot;&quot;&gt;&#x0D;&#x0A;&lt;customFilters userDefinedPatternsEnabled=&quot;false&quot;&gt;&#x0D;&#x0A;&lt;xmlDefinedFilters&gt;&#x0D;&#x0A;&lt;child filterId=&quot;org.eclipse.jdt.ui.PackageExplorer.StaticsFilter&quot; isEnabled=&quot;false&quot;/&gt;&#x0D;&#x0A;&lt;child filterId=&quot;org.eclipse.jdt.ui.PackageExplorer_patternFilterId_RemoteSystemsConnections&quot; isEnabled=&quot;true&quot;/&gt;&#x0D;&#x0A;&lt;child filterId=&quot;org.eclipse.mylyn.java.ui.MembersFilter&quot; isEnabled=&quot;false&quot;/&gt;&#x0D;&#x0A;&lt;child filterId=&quot;org.eclipse.jdt.ui.PackageExplorer.NonSharedProjectsFilter&quot; isEnabled=&quot;false&quot;/&gt;&#x0D;&#x0A;&lt;child filterId=&quot;org.eclipse.jdt.internal.ui.PackageExplorer.EmptyInnerPackageFilter&quot; isEnabled=&quot;true&quot;/&gt;&#x0D;&#x0A;&lt;child filterId=&quot;org.eclipse.m2e.MavenModuleFilter&quot; isEnabled=&quot;false&quot;/&gt;&#x0D;&#x0A;&lt;child filterId=&quot;org.eclipse.jdt.ui.PackageExplorer.ClosedProjectsFilter&quot; isEnabled=&quot;false&quot;/&gt;&#x0D;&#x0A;&lt;child filterId=&quot;_patternFilterId_*.ajsym&quot; isEnabled=&quot;true&quot;/&gt;&#x0D;&#x0A;&lt;child filterId=&quot;org.eclipse.jdt.ui.PackageExplorer.EmptyLibraryContainerFilter&quot; isEnabled=&quot;true&quot;/&gt;&#x0D;&#x0A;&lt;child filterId=&quot;org.eclipse.jdt.ui.PackageExplorer.PackageDeclarationFilter&quot; isEnabled=&quot;true&quot;/&gt;&#x0D;&#x0A;&lt;child filterId=&quot;org.eclipse.pde.ui.BinaryProjectFilter1&quot; isEnabled=&quot;false&quot;/&gt;&#x0D;&#x0A;&lt;child filterId=&quot;org.eclipse.ajdt.ui.editor.outline.AdviceFilter&quot; isEnabled=&quot;false&quot;/&gt;&#x0D;&#x0A;&lt;child filterId=&quot;org.eclipse.jdt.ui.PackageExplorer.LocalTypesFilter&quot; isEnabled=&quot;false&quot;/&gt;&#x0D;&#x0A;&lt;child filterId=&quot;org.eclipse.pde.ui.ExternalPluginLibrariesFilter1&quot; isEnabled=&quot;true&quot;/&gt;&#x0D;&#x0A;&lt;child filterId=&quot;org.eclipse.jdt.ui.PackageExplorer.FieldsFilter&quot; isEnabled=&quot;false&quot;/&gt;&#x0D;&#x0A;&lt;child filterId=&quot;org.eclipse.jdt.ui.PackageExplorer_patternFilterId_RemoteSystemsTempFiles&quot; isEnabled=&quot;true&quot;/&gt;&#x0D;&#x0A;&lt;child filterId=&quot;org.eclipse.ajdt.ui.editor.outline.PointcutFilter&quot; isEnabled=&quot;false&quot;/&gt;&#x0D;&#x0A;&lt;child filterId=&quot;org.eclipse.jdt.ui.PackageExplorer.NonJavaProjectsFilter&quot; isEnabled=&quot;false&quot;/&gt;&#x0D;&#x0A;&lt;child filterId=&quot;org.eclipse.jdt.ui.PackageExplorer_patternFilterId_.*&quot; isEnabled=&quot;true&quot;/&gt;&#x0D;&#x0A;&lt;child filterId=&quot;org.eclipse.jdt.ui.PackageExplorer.SyntheticMembersFilter&quot; isEnabled=&quot;true&quot;/&gt;&#x0D;&#x0A;&lt;child filterId=&quot;org.eclipse.jdt.ui.PackageExplorer.ContainedLibraryFilter&quot; isEnabled=&quot;false&quot;/&gt;&#x0D;&#x0A;&lt;child filterId=&quot;org.eclipse.ajdt.ui.editor.outline.DeclarationFilter&quot; isEnabled=&quot;false&quot;/&gt;&#x0D;&#x0A;&lt;child filterId=&quot;org.eclipse.jdt.internal.ui.PackageExplorer.HideInnerClassFilesFilter&quot; isEnabled=&quot;true&quot;/&gt;&#x0D;&#x0A;&lt;child filterId=&quot;org.eclipse.jdt.ui.PackageExplorer.DeprecatedMembersFilter&quot; isEnabled=&quot;false&quot;/&gt;&#x0D;&#x0A;&lt;child filterId=&quot;org.eclipse.ajdt.javamodel.CompilationUnitFilter&quot; isEnabled=&quot;true&quot;/&gt;&#x0D;&#x0A;&lt;child filterId=&quot;org.eclipse.jdt.ui.PackageExplorer.ImportDeclarationFilter&quot; isEnabled=&quot;true&quot;/&gt;&#x0D;&#x0A;&lt;child filterId=&quot;org.eclipse.jdt.ui.PackageExplorer.NonJavaElementFilter&quot; isEnabled=&quot;false&quot;/&gt;&#x0D;&#x0A;&lt;child filterId=&quot;org.eclipse.jdt.ui.PackageExplorer.LibraryFilter&quot; isEnabled=&quot;false&quot;/&gt;&#x0D;&#x0A;&lt;child filterId=&quot;org.eclipse.ajdt.ui.editor.outline.IntroductionFilter&quot; isEnabled=&quot;false&quot;/&gt;&#x0D;&#x0A;&lt;child filterId=&quot;org.eclipse.jdt.ui.PackageExplorer.CuAndClassFileFilter&quot; isEnabled=&quot;false&quot;/&gt;&#x0D;&#x0A;&lt;child filterId=&quot;org.eclipse.jdt.internal.ui.PackageExplorer.EmptyPackageFilter&quot; isEnabled=&quot;false&quot;/&gt;&#x0D;&#x0A;&lt;child filterId=&quot;org.eclipse.jdt.ui.PackageExplorer.NonPublicFilter&quot; isEnabled=&quot;false&quot;/&gt;&#x0D;&#x0A;&lt;/xmlDefinedFilters&gt;&#x0D;&#x0A;&lt;/customFilters&gt;&#x0D;&#x0A;&lt;/packageExplorer&gt;" key="memento"/>
		<item value="1" key="rootMode"/>
		<item value="false" key="linkWithEditor"/>
	</section>
	<section name="NewClassWizardPage">
		<item value="false" key="create_constructor"/>
		<item value="true" key="create_unimplemented"/>
	</section>
	<section name="ClasspathContainerSelectionPage">
		<item value="3" key="index"/>
	</section>
	<section name="OptionalMessageDialog.hide.">
		<item value="true" key="org.eclipse.jdt.ui.typecomment.deprecated"/>
	</section>
	<section name="BuildPathsPropertyPage">
		<item value="3" key="pageIndex"/>
	</section>
	<section name="quick_assist_proposal_size">
	</section>
	<section name="NewPackageWizardPage">
		<item value="false" key="create_package_info_java"/>
	</section>
	<section name="completion_proposal_size">
	</section>
	<section name="JavaElementSearchActions">
	</section>
</section>
