<?xml version="1.0"?>
<!DOCTYPE hibernate-mapping PUBLIC "-//Hibernate/Hibernate Mapping DTD 3.0//EN"
"http://hibernate.sourceforge.net/hibernate-mapping-3.0.dtd">
<!-- Generated Feb 2, 2010 5:00:25 PM by Hibernate Tools 3.2.4.GA -->
<hibernate-mapping default-lazy="false">
    <class name="gov.ca.dmv.ease.bo.admin.impl.OfficeWorkdate" table="VTDM028U_OFFICE_WRK_DT_CNTRL">
        <id name="id" type="java.lang.Long" access="field">
            <column name="SYS_ID" />
            <generator class="sequence">
                <param name="sequence">SSM028_OFFICE_SEQ</param>
            </generator>
        </id>
        <property name="createdBy" type="java.lang.String" access="field">
            <column name="CREATOR_ID" length="31" not-null="true" />
        </property>
        <property name="createdDate" type="timestamp" access="field">
            <column name="CREATE_TSTAMP" not-null="true" />
        </property>
        <property name="modifiedBy" type="java.lang.String" access="field">
            <column name="MODIFIED_BY" length="31" not-null="true" />
        </property>
        <property name="modifiedDate" type="timestamp" access="field">
            <column name="MODIFIED_TSTAMP" not-null="true" />
        </property>
        <property name="authorizedWorkDate" type="java.util.Date" access="field">
            <column name="AUTHD_WRK_DT" />
        </property>
        <property name="status" type="java.lang.String" access="field">
            <column name="AUTHD_WRK_DT_STATUS"/>
        </property>
        <many-to-one name="office" class="gov.ca.dmv.ease.bo.admin.impl.Office" not-null="true"  lazy="false">
            <column name="OFFICE_SYSID" />
        </many-to-one>
    </class>
</hibernate-mapping>
