<?xml version="1.0"?>
<!DOCTYPE hibernate-mapping PUBLIC "-//Hibernate/Hibernate Mapping DTD 3.0//EN"
"http://hibernate.sourceforge.net/hibernate-mapping-3.0.dtd">
<!-- Generated Feb 2, 2010 5:00:25 PM by Hibernate Tools 3.2.4.GA -->
<hibernate-mapping>
    <class name="gov.ca.dmv.ease.bo.admin.impl.Office" table="VSSM028U_OFFICE">
        <id name="id" type="java.lang.Long" access="field">
            <column name="SYS_ID" />
            <generator class="sequence">
                <param name="sequence">SSM028_OFFICE_SEQ</param>
            </generator>
        </id>
        <property name="createdBy" type="java.lang.String" access="field">
            <column name="CREATOR_ID" length="31" not-null="true" />
        </property>
        <property name="createdDate" type="timestamp" access="field">
            <column name="CREATE_TSTAMP" not-null="true" />
        </property>
        <property name="modifiedBy" type="java.lang.String" access="field">
            <column name="MODIFIED_BY" length="31" not-null="true" />
        </property>
        <property name="modifiedDate" type="timestamp" access="field">
            <column name="MODIFIED_TSTAMP" not-null="true" />
        </property>        
        <property name="name" type="java.lang.String" access="field">
            <column name="OFFICE_NME" length="50" />
        </property>
        <property name="officeId" type="java.lang.String" access="field">
            <column name="OFFICE_ID" length="3" />
        </property>
        <property name="driveTestWindow" type="java.lang.String" access="field">
        	<column name="OFFICE_DL_TEST_WINDOW_NBR" length="2"/>
        </property>
        <property name="phoneNumber" type="java.lang.String" access="field">
        	<column name="OFFICE_PHONE_NBR" length="10"/>
        </property>
       	<property name="satelliteOffice" type="java.lang.String" access="field">
       		<column name="SATELLITE_OFFICE_IND" length="1"/>
       	</property>
       	<property name="mainOfficeId" type="java.lang.Long" access="field">
       		<column name="OFFICE_SYSID"/>
       	</property>
    </class>
</hibernate-mapping>